<?xml version="1.0" encoding="ISO-8859-1" ?>
<!DOCTYPE struts-config PUBLIC
          "-//Apache Software Foundation//DTD Struts Configuration 1.1//EN"
          "http://jakarta.apache.org/struts/dtds/struts-config_1_1.dtd">
         
<struts-config>

<!--
<data-sources>
 <data-source>
  <set-property property="autoCommit" value="true"/>
  <set-property property="description" value="Resin Data Source"/>
  <set-property property="driverClass" value="com.caucho.jdbc.mysql.Driver"/>
  <set-property property="maxCount" value="10"/>
  <set-property property="minCount" value="2"/>
  <set-property property="user" value="admin"/>  
  <set-property property="password" value="admin"/>
  <set-property property="url" value="jdbc:mysql-caucho://localhost:3306/storefront"/>  
 </data-source>
</data-sources>
-->

<form-beans> 
  <form-bean name="loginForm" type="com.oreilly.struts.storefront.security.LoginForm"/>        
  <form-bean 
      name="itemDetailForm"
      dynamic="true"
      type="org.apache.struts.action.DynaActionForm">
        <form-property name="view" type="com.oreilly.struts.storefront.catalog.view.ItemDetailView"/>        
  </form-bean>
  
  <form-bean
    name="checkoutForm"
    dynamic="true"
    type="org.apache.struts.validator.DynaValidatorForm">
    <form-property name="firstName" type="java.lang.String"/>
    <form-property name="lastName" type="java.lang.String"/>
    <form-property name="address" type="java.lang.String"/>    
    <form-property name="city" type="java.lang.String"/>
    <form-property name="state" type="java.lang.String"/>
    <form-property name="postalCode" type="java.lang.String"/>
    <form-property name="country" type="java.lang.String"/>
    <form-property name="phone" type="java.lang.String"/>    
  </form-bean>
  
  <form-bean
    name="paymentForm"
    dynamic="true"
    type="org.apache.struts.action.DynaActionForm">
    <form-property name="phone" type="java.lang.String"/> 
  </form-bean>
  
</form-beans>

 <global-exceptions>
  <exception 
    key="global.error.invalidlogin"
    path="/security/signin.jsp"
    scope="request"
    type="com.oreilly.struts.storefront.framework.exceptions.InvalidLoginException"/>  
 </global-exceptions>

<global-forwards>
 <forward name="Login" path="/security/signin.jsp" redirect="true"/>
 <forward name="SystemFailure" path="/common/systemerror.jsp"/>
 <forward name="SessionTimeOut" path="/common/sessiontimeout.jsp" redirect="true"/> 
 <forward name="welcome" path="home.do"/>
</global-forwards>

<action-mappings>
 <!-- Security Actions Begin -->
 <action
   path="/viewsignin"
   parameter="/security/signin.jsp"
   type="org.apache.struts.actions.ForwardAction"   
   scope="request"   
   name="loginForm"
   validate="false"
   input="/index.jsp">   
 </action> 
   
 <action
   path="/signin"
   type="com.oreilly.struts.storefront.security.LoginAction"
   scope="request"
   name="loginForm"
   validate="true"
   input="/security/signin.jsp">
   <forward name="Success" path="/home.do"/>
   <forward name="Failure" path="/security/signin.jsp" redirect="true"/>
 </action> 
 
 <action
   path="/signoff"
   type="com.oreilly.struts.storefront.security.LogoutAction"
   validate="false">
   <forward name="Success" path="/home.do"/>   
 </action>

 <action
   path="/home"
   type="com.oreilly.struts.storefront.catalog.FeaturedPageAction"
   validate="false">
   <forward name="Success" path="/index.jsp"/>   
 </action>   
 
 <!-- Security Actions End -->
 
  <!-- Shopping Cart Actions Begin -->
 <action
   path="/viewcart"
   parameter="/order/shoppingcart.jsp"
   type="org.apache.struts.actions.ForwardAction"   
   validate="false">   
 </action>
 
 <action path="/cart"
   type="com.oreilly.struts.storefront.order.ShoppingCartActions"   
   validate="false"
   parameter="method">
   <forward name="Success" path="/order/shoppingcart.jsp" redirect="true"/>
 </action> 
 <!-- Shopping Cart Actions End -->
 
 <!-- Catalog Actions Begin -->
 <action
    path="/viewitemdetail"
    name="itemDetailForm"
    input="/index.jsp"
    type="com.oreilly.struts.storefront.catalog.GetItemDetailAction"   
    scope="request"      
    validate="false">
    <exception 
        key="global.error.invalidlogin"
        path="/index.jsp"
        scope="request"
    type="com.oreilly.struts.storefront.framework.exceptions.DatastoreException"/> 
    
    <forward name="Success" path="/catalog/itemdetail.jsp"/>
 </action> 
 <!-- Catalog Actions End -->
 
 <!-- Order Actions Begin -->
 <action
     path="/begincheckout"     
     name="checkoutForm"
     input="/order/shoppingcart.jsp"
     type="com.oreilly.struts.storefront.order.CheckoutAction"   
     scope="session"
     validate="false">
     <forward name="Success" path="/order/shipping.jsp"/>
 </action> 
 
 <action
   path="/getPaymentInfo"
   parameter="/order/payment.jsp"
   type="org.apache.struts.actions.ForwardAction"   
   scope="session"   
   name="checkoutForm"
   validate="true"
   input="/order/shipping.jsp">   
 </action> 
 
 <!-- Order Actions End -->
 
 
<action path="/processcheckout"
  type="com.oreilly.struts.storefront.order.ProcessCheckoutAction"  
  scope="request"
  name="checkoutForm"
  parameter="action"> 
  <forward name="Success" path="/order/ordercomplete.jsp"/>
</action>
 
 
</action-mappings>
  
<controller 
  contentType="text/html;charset=UTF-8"
  debug="3"
  locale="true"
  nocache="true"
  processorClass="org.apache.struts.action.RequestProcessor"/>
  
<message-resources 
	parameter="StorefrontMessageResources" 
	null="false"/>
	
<plug-in className="com.oreilly.struts.storefront.service.StorefrontMemoryDatabasePlugIn">  	
  <set-property property="serviceClassname" value="com.oreilly.struts.storefront.service.StorefrontDebugServiceImpl"/>
 </plug-in>
 
<plug-in className="org.apache.struts.validator.ValidatorPlugIn">
  <set-property property="pathnames" value="/WEB-INF/validator-rules.xml,/WEB-INF/validation.xml"/>
</plug-in> 
</struts-config>