<?xml version="1.0"?>
<!-- <!DOCTYPE hibernate-mapping PUBLIC
	"-//Hibernate/Hibernate Mapping DTD 2.0//EN"
	"http://hibernate.sourceforge.net/hibernate-mapping-2.0.dtd"> -->
	
<!DOCTYPE hibernate-mapping SYSTEM "file:\\\c:\hibernate-mapping-2.0.dtd" >

<hibernate-mapping>
	<class name="com.s1.sra.core.entities.StatusReport" table="ITEM">
		<id name="id" column="id" type="java.lang.Integer" unsaved-value="null">
			<generator class="native" />
		</id>
	
		<property name="displayLabel" column="displaylabel" type="java.lang.String" />
		<property name="description" column="description" type="java.lang.String" />		
		<property name="sku" column="sku" type="java.lang.String" />		
		<property name="basePrice" column="baseprice" type="java.lang.Double" />
		<property name="manufacturer" column="manufacturer" type="java.lang.String" />		
		<property name="upc" column="upc" type="java.lang.String" />
		<property name="minumumSellingUnits" column="minsellingunits" type="java.lang.Integer" />		
		<property name="sellingUOM" column="sellinguom" type="java.lang.String" />						
		<property name="onHandQuantity" column="onhandquantity" type="java.lang.Integer" />		
		<property name="feature1" column="featuredesc1" type="java.lang.String" />
		<property name="feature2" column="featuredesc2" type="java.lang.String" />		
		<property name="feature3" column="featuredesc3" type="java.lang.String" />

		<property name="smallImageURL" column="smallimageurl" type="java.lang.String" />
		<property name="largeImageURL" column="largeimageurl" type="java.lang.String" />		
		<property name="modelNumber" column="modelnumber" type="java.lang.String" />		


<!--
		
		<list name="issues" table="issue" cascade="all-delete-orphan" lazy="false">
			<key column="statusreport_id" />
			<index column="sequence" />
			<one-to-many class="com.s1.sra.core.entities.Issue" />
		</list>

		<list name="accomplishments" table="accomplishment" cascade="all-delete-orphan" lazy="false">
			<key column="statusreport_id" />
			<index column="sequence" />
			<one-to-many class="com.s1.sra.core.entities.Accomplishment" />
		</list>

		<list name="projects" table="project" cascade="all-delete-orphan" lazy="false">
			<key column="statusreport_id" />
			<index column="sequence" />
			<one-to-many class="com.s1.sra.core.entities.Project" />
		</list>
		
		<list name="executiveIssues" table="executiveIssue" cascade="all-delete-orphan" lazy="false">
			<key column="statusreport_id" />
			<index column="sequence" />
			<one-to-many class="com.s1.sra.core.entities.ExecutiveIssue" />
		</list>
		<many-to-one name="creator" class="com.s1.sra.core.entities.User" column="createdby_id" />
		
		-->

	</class>
</hibernate-mapping>
