<?xml version="1.0"?>
<!-- <!DOCTYPE hibernate-mapping PUBLIC
	"-//Hibernate/Hibernate Mapping DTD 2.0//EN"
	"http://hibernate.sourceforge.net/hibernate-mapping-2.0.dtd"> -->
	
<hibernate-mapping>
	<class name="com.oreilly.struts.storefront.businessobjects.CustomerBO" table="ITEM">
		<id name="id" column="id" type="java.lang.Integer" unsaved-value="null">
			<generator class="native" />
		</id>
	
		<property name="firstName" column="firstname" type="java.lang.String" />
		<property name="lastname" column="lastname" type="java.lang.String" />		
		<property name="email" column="email" type="java.lang.String" />		
		<property name="password" column="password" type="java.lang.String" />
		<property name="description" column="description" type="java.lang.String" />		
		<property name="displayLabel" column="displaylabel" type="java.lang.String" />
		<property name="creditStatus" column="creditStatus" type="java.lang.String" />		
		<property name="accountStatus" column="accountstatus" type="java.lang.String" />						
		<property name="accountNumber" column="accountnumber" type="java.lang.String" />		
		

<!--
		
		<list name="issues" table="issue" cascade="all-delete-orphan" lazy="false">
			<key column="statusreport_id" />
			<index column="sequence" />
			<one-to-many class="com.s1.sra.core.entities.Issue" />
		</list>

		<list name="accomplishments" table="accomplishment" cascade="all-delete-orphan" lazy="false">
			<key column="statusreport_id" />
			<index column="sequence" />
			<one-to-many class="com.s1.sra.core.entities.Accomplishment" />
		</list>

		<list name="projects" table="project" cascade="all-delete-orphan" lazy="false">
			<key column="statusreport_id" />
			<index column="sequence" />
			<one-to-many class="com.s1.sra.core.entities.Project" />
		</list>
		
		<list name="executiveIssues" table="executiveIssue" cascade="all-delete-orphan" lazy="false">
			<key column="statusreport_id" />
			<index column="sequence" />
			<one-to-many class="com.s1.sra.core.entities.ExecutiveIssue" />
		</list>
		<many-to-one name="creator" class="com.s1.sra.core.entities.User" column="createdby_id" />
		
		-->

	</class>
</hibernate-mapping>
